Actor,Claim,ProAnti,BestGuess,DateTime,Day,City/Town,StateTerritory
United Fort Worth,Protesting TX's anti-sanctuary city bill,1.0,400.0,2017-08-01,181,Fort Worth,TX
general protestors,Counter-protest; supporting TX's anti-sanctuary city bill,2.0,2.0,2017-08-01,181,Fort Worth,TX
Action NC,Oppose investment in detention and immigration enforcement,1.0,20.0,2017-08-02,182,Charlotte,NC
One Pennsylvania; PA 12 for Progress; general protestors,Demanding representative to not support a federal budget that increases funding for immigration enforcement,1.0,12.0,2017-08-02,182,Pittsburgh,PA
general protestors,Oppose Trump administration's immigration policy,1.0,200.0,2017-08-02,182,Wyomissing,PA
general protestors,Rally for an undocumented Meriden man looking to fight a deportation order,1.0,22.5,2017-08-03,183,Hartford,CT
Tennessee Immigrant and Refugee Rights Coalition,Urge Vice President Pence to support the DACA program,1.0,200.0,2017-08-03,183,Nashville,TN
FaithAction International House,fifth annual Downtown Unity Walk for Immigration Reform,1.0,200.0,2017-08-05,185,Greensboro,NC
community members, anti-deportation,0.0,250.0,2017-08-07,187,Norwalk,CT
general protestors,Oppose deportation of long-time Ann Arbor resident,1.0,37.5,2017-08-08,188,Detroit,MI
NJ Working Families Alliance; Make the Road NJ; Action Together New Jersey; Food and Water Watch -- NJ ,Oppose congressman's vote for funding a U.S.-Mexico border wall,1.0,15.0,2017-08-08,188,Glen Rock,NJ
general protestors,against deportation; against TX AG Paxton's policy,1.0,15.0,2017-08-08,188,Houston,TX
general protestors,Support undocumented immigrant who chose sanctuary over deportation,1.0,37.5,2017-08-08,188,New Haven,CT
Centro Presente; Brazilian Worker Center,Oppose Governor Baker's bill authorizing state and local cooperation with ICE,1.0,24.0,2017-08-09,189,Boston,MA
general protestors,Oppose Governor Baker's bill authorizing state and local cooperation with ICE,1.0,100.0,2017-08-09,189,Springfield,MA
general protestors,protest Meehan's voting record on immigration,0.0,12.0,2017-08-09,189,Springfield,PA
Houston Socialist Movement; New Black Panther Party,Opposing TX's SB4; rallying for immigrants,1.0,50.0,2017-08-12,192,Houston,TX
Texas Patriot Network; Proud Boys ,Support anti-immigration bill,2.0,15.0,2017-08-12,192,Houston,TX
Lower Rio Grande Valley Sierra Club; La Union del Pueblo Entero; ARISE; Stonewall Democrats,Oppose Trump's border wall plans,1.0,625.0,2017-08-12,192,Mission,TX
general protestors,against border wall; pro-environment,1.0,200.0,2017-08-13,193,Alamo,TX
general protestors,Protesting deportation of woman/ICE,1.0,200.0,2017-08-14,194,Oakland,CA
United We Dream,Call on Texas attorney general to sustain the DACA program,1.0,37.5,2017-08-15,195,Austin,TX
general protestors,Defend the DACA program,1.0,10.0,2017-08-15,195,Grand Junction,CO
Indiana Undocumented Youth Alliance; Greater Lafayette Immigrant Allies; Greater Lafayette chapter of the American Civil Liberties Union,Defend the DACA program,1.0,50.0,2017-08-15,195,Lafayette ,IN
Coalition for Humane Immigrant Rights,Celebrate the DACA program,1.0,80.0,2017-08-15,195,Los Angeles,CA
general protestors,defend DACA; pro-immigrants,1.0,100.0,2017-08-15,195,Phoenix,AZ
Coalition for Humane Immigrant Rights of Los Angeles,Defend the DACA program,1.0,50.0,2017-08-15,195,Santa Clarita,CA
general protestors,Rallying for DACA,1.0,40.0,2017-08-15,195,Washington,DC
America First!,America First!; call for moratorium on immigration and opposition to amnesty,2.0,20.0,2017-08-20,200,Laguna Beach,CA
general protestors,protect the DACA program,1.0,40.0,2017-08-22,202,Washington,DC
organizer Francisco Serrano,Support DACA program,1.0,60.0,2017-08-24,204,Bowling Green,KY
organizer Daniel Penaloza,Support DACA program,1.0,12.0,2017-08-25,205,Porterville,CA
general protestors,protect the DACA program,1.0,100.0,2017-08-29,209,Austin,TX
Teamsters Local 813,call for release of Guatemalan immigrant detained by ICE,1.0,50.0,2017-08-29,209,New York,NY
general protestors,protect the DACA and TPS programs,1.0,75.0,2017-08-29,209,Newark,NJ
general protestors,protest the recent deportation of a Salvadoran immigrant detained after a traffic stop; denounce local cooperation with immigration enforcement,1.0,40.0,2017-08-30,210,Mineola ,NY
Make the Road New York,Protect the DACA program,1.0,1000.0,2017-08-30,210,New York,NY
League of United Latin American Citizens ,Save DACA rally,1.0,60.0,2017-08-30,210,Vancouver,WA
general protestors,support California Values Act state sanctuary bill,1.0,40.0,2017-08-30,210,Ventura,CA
general protestors,Protesting deportation of area woman; ICE,1.0,24.0,2017-08-31,211,Chicago ,IL
general protestors,support Iraqi immigrants detained by ICE,1.0,37.5,2017-08-31,211,Detroit,MI
Comunidades Unidas,Support DACA program,1.0,150.0,2017-08-31,211,Salt Lake City,UT
general protestors,Protesting anti-sanctuary city bill,0,150.0,2017-09-01,212,Austin,TX
Students,Protesting anti-sanctuary city bill,0,25.0,2017-09-01,212,Austin,TX
students of University of North Texas and Texas Womens University & Denton residents,Protesting anti-sanctuary city bill,0,90.0,2017-09-01,212,Denton,TX
general protestors,DACA,1,18.0,2017-09-01,212,Denver,CO
general protestors/students,Protesting Texas's anti-sanctuary city bill,0,150.0,2017-09-01,212,Fort Worth,TX
general protestors,Rally for DACA,1,200.0,2017-09-01,212,Los Angeles,CA
Yale Students,Rally for DACA,1,100.0,2017-09-01,212,New Haven,CT
Central Coast Alliance United for a Sustainable Economy,Rally for DACA,1,36.0,2017-09-01,212,Santa Maria,CA
general protestors,Rallying for DACA,1,27.0,2017-09-01,212,Topeka,KS
general protestors,Rallying for DACA,1,100.0,2017-09-03,214,Chicago,IL
general protestors,Rally for DACA,1,24.0,2017-09-03,214,Clearwater,FL
general protestors,Rally for DACA,1,200.0,2017-09-04,215,Atlanta,GA
general protestors,Rally for DACA,1,40.0,2017-09-04,215,Dunwoody,GA
general protestors,Rally for DACA,1,24.0,2017-09-04,215,Greensboro,NC
general protestors,Rally for DACA,1,1000.0,2017-09-04,215,Los Angeles,CA
Latino Memphis,Rally for DACA,1,200.0,2017-09-04,215,Memphis,TN
Cosecha Upstate New York,Protesting Trump's DACA decision,1,24.0,2017-09-05,216,Albany,NY
general protestors,Protesting Trump's decision to end DACA,1,100.0,2017-09-05,216,Anchorage,AK
general protestors,Protesting Trump's DACA decision,1,200.0,2017-09-05,216,Berkeley,CA
Students,Protesting Trump's decision to end DACA,1,24.0,2017-09-05,216,Boulder,CO
general protestors,Protesting Trump's DACA decision,1,24.0,2017-09-05,216,Charlotte,NC
La Alianza,Protesting Trump's DACA decision,1,75.0,2017-09-05,216,Cleveland,OH
general protestors,Protesting Trump's decision to end DACA,1,450.0,2017-09-05,216,Columbus,OH
Indivisble Ohio District 15,Protesting Trump's decision to end DACA,1,100.0,2017-09-05,216,Columbus,OH
Michigan United; One Michigan,Protesting Trump's decision to end DACA,1,24.0,2017-09-05,216,Detroit,MI
general protestors,Rally for DACA,1,200.0,2017-09-05,216,Denver,CO
general protestors,Protesting Trump's decision to end DACA,1,24.0,2017-09-05,216,Durham,NC
general protestors,Protesting Trump's decision to end DACA,1,24.0,2017-09-05,216,Escondido,CA
general protestors,Protesting Trump's DACA decision,1,30.0,2017-09-05,216,Fort Worth,TX
general protestors,Protesting Trump's decision to end DACA,1,45.0,2017-09-05,216,Fresno,CA
general protestors,Protesting Trump's DACA decision,1,200.0,2017-09-05,216,Grand Rapids,MI
general protestors,Protesting Trump's DACA decision,1,200.0,2017-09-05,216,Irvine,CA
general protestors,Protesting Trump's DACA decision,1,200.0,2017-09-05,216,Kalamazoo,MI
general protestors,Protesting Trump's DACA decision,1,200.0,2017-09-05,216,Kansas City,MO
general protestors,Protesting Trump's decision to end DACA,1,100.0,2017-09-05,216,Law Cruces,NM
Everett Resistance Movement,Protesting Trump's decision to end DACA,1,60.0,2017-09-05,216,Lynwood,WA
general protestors,Protesting Trump's decision to end DACA,1,24.0,2017-09-05,216,Mount Vernon,WA
general protestors,Protesting Trump's DACA decision,1,200.0,2017-09-05,216,Minneapolis,MN
general protestors,Protesting Trump's decision to end DACA,1,200.0,2017-09-05,216,Nashville,TN
Yale Women's Center,Protesting Trump's DACA decision,1,1000.0,2017-09-05,216,New Haven,CT
general protestors,Protesting Trump's DACA decision,1,350.0,2017-09-05,216,New York,NY
general protestors,Rally for DACA,1,400.0,2017-09-05,216,New York,NY
general protestors,Protesting Trump's DACA decision,1,2000.0,2017-09-05,216,New York,NY
general protestors,Protesting Trump's DACA decision,1,2000.0,2017-09-05,216,New York,NY
NYU Dream Team; NYU Sanctuary; NYU Pacific American Coalition ,Protesting Trump's DACA decision,1,70.0,2017-09-05,216,New York ,NY
Students and faculty,Protesting Trump's DACA decision,1,100.0,2017-09-05,216,Normal,IL
general protestors,Protesting Trump's DACA decision,1,200.0,2017-09-05,216,Oberlin,OH
Voces de la Frontera,Protesting Trump's decision to end DACA,1,200.0,2017-09-05,216,Racine,WI
general protestors,Protesting Trump's DACA decision,1,200.0,2017-09-05,216,Raleigh,NC
general protestors,Protesting Trump's decision to end DACA,1,200.0,2017-09-05,216,Sacramento,CA
general protestors,Protesting Trump's decision to end DACA,1,200.0,2017-09-05,216,San Antonio,TX
general protestors,Protesting Trump's DACA decision,1,1000.0,2017-09-05,216,San Diego,CA
general protestors,Protesting Trump's DACA decision,1,1000.0,2017-09-05,216,San Francisco,CA
general protestors,Protesting Trump's DACA decision,1,200.0,2017-09-05,216,San Jose,CA
Future Leaders of America,Protesting Trump's DACA decision,1,20.0,2017-09-05,216,Santa Maria,CA
MEChA,Protesting Trump's decision to end DACA,1,24.0,2017-09-05,216,Silver City,NM
general protestors,Protesting Trump's decision to end DACA,1,100.0,2017-09-05,216,Sioux Falls,SD
general protestors,Protesting Trump's DACA decision,1,50.0,2017-09-05,216,St. Cloud,MN
general protestors,Protesting Trump's DACA decision,1,100.0,2017-09-05,216,Syracuse,NY
Students,Protesting Trump's DACA decision,1,100.0,2017-09-05,216,Tucson,AZ
Students,Protesting Trump's DACA decision,1,24.0,2017-09-05,216,Willimantic,CT
general protestors,Rally for DACA,1,200.0,2017-09-05,216,Washington,DC
general protestors,Protesting Trump's decision to end DACA,1,50.0,2017-09-05,216,Yakima,WA
general protestors,Protesting Trump's decision to end DACA,1,24.0,2017-09-06,217,Bellefonte,PA
general protestors,Protesting Trump's decision to end DACA,1,200.0,2017-09-06,217,Fort Worth,TX
general protestors,Protesting Trump's decision to end DACA,1,30.0,2017-09-06,217,Lawrence,MA
Young People's Resistance Committee,Protesting Trump's decision to end DACA,1,2000.0,2017-09-06,217,Milwaukee,WI
general protestors,Protesting Trump's decision to end DACA,1,200.0,2017-09-06,217,Mishawaka,IN
general protestors,Protesting Trump's DACA decision; demanding action from Senator,1,100.0,2017-09-06,217,Mt. Lebanon,PA
Napa Valley Dream Team,Protesting Trump's decision to end DACA,1,100.0,2017-09-06,217,Napa,CA
general protestors,Protesting Trump's decision to end DACA,1,100.0,2017-09-06,217,Newark,NJ
general protestors,Protesting Trump's decision to end DACA,1,24.0,2017-09-06,217,New Orleans,LA
Political Latinxs United for Movement and Action in Society at VCU,Protesting Trump's decision to end DACA,1,100.0,2017-09-06,217,Richmond,VA
general protestors,Protesting Trump's decision to end DACA,1,50.0,2017-09-06,217,Springfield,PA
general protestors,Protesting Trump's decision to end DACA,1,600.0,2017-09-06,217,Tucson,AZ
general protestors,Protesting Trump's decision to end DACA,1,10.0,2017-09-06,217,Walnut Creek ,CA
general protestors,Protesting Trump's decision to end DACA,1,200.0,2017-09-06,217,Watsonville,CA
general protestors,Protesting Trump's decision to end DACA,1,30.0,2017-09-06,217,Williamsport,PA
general protestors,Protesting Trump's decision to end DACA,1,200.0,2017-09-07,218,Cleveland,OH
Students: general protestors ,Protesting Trump's decision to end DACA,1,293.5,2017-09-07,218,Greeley ,CO
general protestors,Protesting Trump's decision to end DACA,1,530.0,2017-09-07,218,Hayward,CA
Students,Protesting Trump's decision to end DACA,1,200.0,2017-09-07,218,Huntington Beach,CA
general protestors,Protesting Trump's decision to end DACA,1,700.0,2017-09-07,218,Iowa City,IA
general protestors,Protesting Trump's decision to end DACA,1,100.0,2017-09-07,218,San Diego,CA
general protestors,Protesting Trump's decision to end DACA,1,200.0,2017-09-07,218,Stony Brook,NY
general protestors,Protesting Trump's decision to end DACA,1,24.0,2017-09-08,219,Jackson ,MS
general protestors,Protesting Trump's decision to end DACA,1,300.0,2017-09-08,219,Pittsburg ,KS
general protestors,Protesting Trump's decision to end DACA,1,400.0,2017-09-08,219,Portland,ME
general protestors,Protesting Trump's decision to end DACA,1,45.0,2017-09-08,219,Staunton ,VA
Idaho ACLU,Protesting Trump's decision to end DACA,1,200.0,2017-09-09,220,Boise,ID
general protestors,Protesting Trump's decision to end DACA,1,100.0,2017-09-09,220,Hicksville ,NY
general protestors,Protesting Trump's decision to end DACA,1,40.0,2017-09-09,220,Long Island,NY
general protestors,Protesting Trump's decision to end DACA,1,200.0,2017-09-09,220,New York,NY
general protestors,Protesting Trump's decision to end DACA,1,2000.0,2017-09-09,220,Oakland,CA
general protestors,Protesting Trump's decision to end DACA,1,24.0,2017-09-09,220,Ossining,NY
CoMo for Progress,Protesting Trump's decision to end DACA,1,200.0,2017-09-10,221,Boone County,IL
La Conexion Immigrant Solidarity Committee,Protesting Trump's decision to end DACA,1,26.0,2017-09-10,221,Bowling Green ,OH
Inclusive Dubuque; Indivisible Dubuque,Protesting Trump's decision to end DACA,1,80.0,2017-09-10,221,Dubuque ,IA
general protestors,Protesting Trump's decision to end DACA,1,200.0,2017-09-10,221,Las Vegas,NV
general protestors,Protesting Trump's decision to end DACA,1,250.0,2017-09-10,221,Petaluma,CA
general protestors,Protesting Trump's decision to end DACA,1,26.0,2017-09-10,221,Peterborough,NH
general protestors,Urging congress to pass DREAM Act,1,200.0,2017-09-10,221,Springfield,IL
general protestors,Protesting Trump's decision to end DACA,1,200.0,2017-09-10,221,Tulsa,OK
Catalina United Methodist Church,Protesting Trump's decision to end DACA,1,13.0,2017-09-10,221,Tulsa,AZ
"
Hampton Roads Grassroots Progressive Coalition",Protesting Trump's decision to end DACA,1,80.0,2017-09-10,221,Richmond,VA
general protestors,Protesting Trump's decision to end DACA,1,50.0,2017-09-10,221,Winston Salem,NC
general protestors,Protesting Trump's decision to end DACA,1,80.0,2017-09-11,222,Green Bay,WI
ACLU people power; general protestors,Protesting Trump's decision to end DACA,1,150.0,2017-09-12,223,Cache Valley ,UT
ACLU Power People of Cache Valley,Protesting Trump's decision to end DACA,1,200.0,2017-09-12,223,Logan,UT
National CAPACD & SAALT,Protesting Trump's decision to end DACA,1,51.0,2017-09-12,223,Washington,DC
students,Protesting Trump's decision to end DACA,1,300.0,2017-09-12,223,Bakersfield,CA
UCO Hispanic Student Association; general protestors,Protesting Trump's decision to end DACA,1,139.5,2017-09-13,224,Edmond ,OK
general protestors,Protesting DACA decision,1,100.0,2017-09-13,224,Painseville,OH
general protestors,Protesting Trump's decision to end DACA,1,24.0,2017-09-13,224,Santa Clarita,CA
CCSU students,Rally for 2 clasmmate's parents who face deportation,1,100.0,2017-09-14,225,New Britain,CT
students,Protesting Trump's decision to end DACA,1,150.0,2017-09-14,225,Kentfield,CA
health care workers,"Protesting his stance on ACA, immigration, etc",1,200.0,2017-09-14,225,Lancaster,PA
DefenDemocracy CT,Protesting Trump's decision to end DACA,1,12.0,2017-09-14,225,Westport,CT
general protestors,Protesting Trump's decision to end DACA,1,100.0,2017-09-15,226,Norman,OK
general protestors,protesting DACA decision,1,5.0,2017-09-16,227,Astoria,NY
general protestors,Protesting Trump's decision to end DACA,1,100.0,2017-09-16,227,Boston ,MA
general protestors,Protesting Trump's decision to end DACA,1,3.0,2017-09-16,227,Huntsville ,AL
general protestors,Protesting Trump's decision to end DACA,1,300.0,2017-09-16,227,Little Rock,AR
general protestors,Protesting Trump's decision to end DACA,1,200.0,2017-09-16,227,Salt Lake City,UT
general protestors,Protesting Trumps DACA decision,1,100.0,2017-09-17,228,Marshall,TX
general protestors,Protesting Trump's decision to end DACA,1,200.0,2017-09-18,229,Modesto,CA
Undocumented youth ,Protesting Trump's decision to end DACA,1,32.0,2017-09-18,229,San Francisco,CA
general protestors,Protesting Trump's decision to end DACA,1,24.0,2017-09-18,229,Johnson City,TN
students; general protestors,Protesting Trump's decision to end DACA,1,24.0,2017-09-18,229,Storrs ,CT
general protestors,"rally for the Westchester Immigrant Protection Act,",0,31.0,2017-09-18,229,Westchester,NY
Clean Power Lake County,Protesting Trump's decision to end DACA,1,100.0,2017-09-19,230,Waukegan,IL
general protestors,Asking Davis to vote for Dream Act,1,70.0,2017-09-20,231,Champaign,IL
general protestors,Rallying for restaurants forced to close due to ICE presence,1,24.0,2017-09-20,231,Jessamine County,KY
general protestors,"Against ICE, rally for immigrants",1,24.0,2017-09-20,231,Noicholasville,KY
general protestors,Protesting anti-sanctuary city bill,1,100.0,2017-09-22,233,New Orleans,LA
Toms River High School students,Protesting Trump's decision to end DACA,1,30.0,2017-09-22,233,Ocean City,NJ
students ,Protesting Trump's decision to end DACA,1,100.0,2017-09-22,233,Wichita ,KS
general protestors,protesting removal of pro-immigrant signs,1,24.0,2017-09-23,234,Chicago,IL
Dana Greene Jr. ,Protesting against police shooting; against Trump's comments on the NFL; and against anti-immigration sentiments ,1,5.0,2017-09-25,236,Ann Arbor ,MI
general protestors,Protesting deportation of local couple,1,100.0,2017-09-25,236,Hartford,CT
general protestors,Protesting Trump's decision to end DACA,1,50.0,2017-09-26,237,Washington,DC
students,Protesting Trump's decision to end DACA,1,100.0,2017-09-27,238,Mountain View,CA
CHISPAS; The Hispanic Student Association; Students Taking Action Against Racism,Protesting Trump's decision to end DACA,1,300.0,2017-09-28,239,Gainesville,FL
general protestors,Protesting Trump's decision to end DACA; rallying for immigration reform,1,24.0,2017-09-28,239,Greensboro,NC
Students,Protesting Trump's decision to end DACA,1,24.0,2017-09-28,239,Omaha,NB
general protestors,Rally for immigrants,1,100.0,2017-09-30,241,Arlington Heights,IL
general protestors,Rally in support of immigrants,1,100.0,2017-09-30,241,Louisville,KY
In part by Uconn MSA,"end the ""muslim ban""",1.0,250.0,2017-02-01,0,Storrs,CT
general protestors,end immigration ban,1.0,1150.0,2017-02-01,0,West Hartford,CT
Civil Rights Coalition,immigration ban,1.0,37.5,2017-02-01,0,Dover,DE
General protestors and students,Protest immigrant ban,1.0,125.0,2017-02-01,0,Manhattan,KS
Safe Communities Act Coalition ,immigration ban,1.0,200.0,2017-02-01,0,Boston,MA
General protest,immigration policy,1.0,200.0,2017-02-01,0,Worcester,MA
general protestors,immigration ban,1.0,37.0,2017-02-01,0,Dover,MD
general protestors,"end the ""Muslim ban""",1.0,1250.0,2017-02-01,0,Portland,ME
General protest,immigration ban,1.0,200.0,2017-02-01,0,Chappaqua,NY
Students,"end the ""muslim ban""",1.0,70.0,2017-02-01,0,Athens,OH
General protest,Immigration ban,1.0,50.0,2017-02-01,0,Johnson City,TN
general protestors,protest immigration ban,1.0,1000.0,2017-02-01,0,Knoxville,TN
"Refugee Empowerment Program, Comunidades Unidas en Una Voz and the Tennessee Immigrant & Refugee Rights Coalition.",Immigration ban,1.0,2000.0,2017-02-01,0,Memphis,TN
Tennessee Immigrant and Refugee Rights Coalition.,Immigration ban,1.0,3000.0,2017-02-01,0,Nashville ,TN
general protestors,"end the ""Muslim ban""",1.0,200.0,2017-02-01,0,Montpelier,VT
general protestors,"end the ""Muslim ban""",1.0,175.0,2017-02-01,0,Rutland City ,VT
students,protest immigration ban,1.0,175.0,2017-02-02,1,Sacramento,CA
Comcast employees,Immigration ban,1.0,150.0,2017-02-02,1,Washington DC,DC
General protestors,protest immigration ban,1.0,450.0,2017-02-02,1,Des Moines,IA
Chicago Alliance Against Racist and Political Repression,protest immigration ban,1.0,200.0,2017-02-02,1,Chicago,IL
General Protest,Congressman support for travel ban,1.0,35.0,2017-02-02,1,Grandville ,MI
Charlotte Interfaith Peace and Unity Coalition,protest immigration ban,1.0,200.0,2017-02-02,1,Charlotte,NC
General protest,immigration ban,1.0,200.0,2017-02-02,1,Flemington,NJ
Bodega owners,"end the ""muslim ban""",1.0,1500.0,2017-02-02,1,New York City ,NY
Comcast employees,Immigration ban,1.0,800.0,2017-02-02,1,Philadelphia,PA
General protestors,"Protest Texas Governor Greg Abbott's withholding of state funding to penalize Austin's commitment as a ""sanctuary city""",1.0,450.0,2017-02-02,1,Austin,TX
general protestors,protest immigration ban,1.0,200.0,2017-02-03,2,Tempe ,AZ
general protestors,protest immigration ban,1.0,125.0,2017-02-03,2,Tucson,AZ
General Protest,Immigration ban,1.0,300.0,2017-02-03,2,Fort Mayne ,IN
General protest ,"end the ""Muslim ban""",1.0,200.0,2017-02-03,2,Fredrick,MD
General protestors,Protest immigration ban,1.0,300.0,2017-02-03,2,Bozeman,MT
Montana for Immigrants,Protest immigrant ban,1.0,300.0,2017-02-03,2,Helena,MT
General Protest,"Against Cutting funding to ""Sanctuary Cities""",1.0,200.0,2017-02-03,2,Rochester ,NY
General protest,immigration ban,1.0,150.0,2017-02-03,2,New York City ,NY 
General Protest,Immigration order,1.0,200.0,2017-02-03,2,Cleveland ,OH
General Protest,Trump's travel ban,1.0,200.0,2017-02-03,2,Dayton,OH
"Houston Socialist Movement, #FightFor15 supporters, anarchists, Familias Inmigrantes y Estudiantes en the Lucha and other activist groups ",Protest immigrant ban and building of wall,1.0,150.0,2017-02-03,2,Houston,TX
General Protest,Immigration ban,1.0,195.0,2017-02-04,3,Auburn ,AL
"We the People, Tucson",protest immigration ban,1.0,125.0,2017-02-04,3,Tucson,AZ
general protestors,protest immigration ban and border wall,1.0,7500.0,2017-02-04,3,San Francisco,CA
general protestors,immigration ban,1.0,1000.0,2017-02-04,3,Boulder,CO
general protestors,protest immigration ban,1.0,450.0,2017-02-04,3,Colorado Springs,CO
general protestors,"end the ""Muslim ban""",1.0,6000.0,2017-02-04,3,Denver,CO
general protestors,immigration ban,1.0,20.0,2017-02-04,3,Montrose,CO
general protestors,immigration ban,1.0,2000.0,2017-02-04,3,"Washington, DC",DC
General Protest,immigration ban,1.0,200.0,2017-02-04,3,Miami ,FL
University body,Immigration ban,1.0,200.0,2017-02-04,3,Atlanta ,GA
general protest,immigration ban,1.0,650.0,2017-02-04,3,Moscow,ID
General Protest,Trump's cabinet picks and immigration ban ,1.0,400.0,2017-02-04,3,Annapolis,MD
General Protest,immigration ban,1.0,350.0,2017-02-04,3,Baltimore,MD
General Protest,Immigration ban,1.0,400.0,2017-02-04,3,Flint ,MI
general protestors,protest immigration ban,1.0,150.0,2017-02-04,3,Willmar ,MN
general protestors,immigration ban,1.0,60.0,2017-02-04,3,Charlotte,NC
General Protest ,Immigration ban,1.0,1100.0,2017-02-04,3,Raleigh,NC
LGBTQ NYC Community,immigration ban,1.0,2000.0,2017-02-04,3,New York City ,NY
General Protest ,immigration ban,1.0,200.0,2017-02-04,3,Philadelphia,PA
March for Humanity,immigration ban,1.0,2000.0,2017-02-04,3,Philadelphia,PA
The Islamic Society of Greenville,protest immigration ban,1.0,350.0,2017-02-04,3,Greenville ,SC
General protestors,Protest immigration ban and Trump's policies,1.0,275.0,2017-02-04,3,Houston,TX
general protestors,anti-Trump; protest immigration ban,1.0,3000.0,2017-02-04,3,Salt Lake City,UT
general protesters,"end the ""muslim ban""",1.0,50.0,2017-02-04,3,Rhinelander,WI
general protestors,against the immigration ban ,1.0,600.0,2017-02-05,4,Cedar Falls,IA
Students Against Hate and Discrimination,protest immigration ban,1.0,1300.0,2017-02-05,4,Iowa City,IA
General Protest,immigration ban,1.0,1000.0,2017-02-05,4,Lexington,KY
General Protest ,immigration ban ,1.0,200.0,2017-02-05,4,Grand Rapids,MI
general protesters,"end the ""muslim ban""",1.0,200.0,2017-02-05,4,Kalamazoo,MI
School kids,Immigration ban,1.0,200.0,2017-02-05,4,Asheville ,NC
general protestors,immigration ban,1.0,400.0,2017-02-05,4,Canton,NY
general protesters,immigration ban,1.0,1000.0,2017-02-05,4,Harrisburg,PA
Tennessee Immigrant and Refugee Rights Coalition,immigration ban,1.0,200.0,2017-02-05,4,Nashville,TN
General protestors,Protest immigration ban,1.0,450.0,2017-02-05,4,Austin ,TX
General protestors,Protest immigration ban and Trump's policies,1.0,500.0,2017-02-05,4,Houston,TX
general protesters,"end the ""muslim ban""",1.0,200.0,2017-02-05,4,Janesville,WI
General protest ,Immigration ban,1.0,1000.0,2017-02-05,4,Charleston,WV
general protesters,Demanding Bridgeport become a sanctuary city,1.0,100.0,2017-02-06,5,Bridgeport,CT
Southwest Missouri Democrats,"Against ""Muslim ban""",1.0,30.0,2017-02-06,5,Joplin,MO
Stockton University Student Senate,Calling for Stockton University to become sanctuary campus,1.0,100.0,2017-02-06,5,Galloway,NJ
Cornell University Students,"Against ""Muslim ban""",1.0,100.0,2017-02-06,5,Ithaca,NY
T'Ruah Rabbinical Group,"Against ""Muslim ban""",1.0,200.0,2017-02-06,5,New York,NY
Westchester Social Justice Community,In support of immigrant community,1.0,75.0,2017-02-06,5,White Plains,NY
general protesters,Against city compliance with federal immigration,1.0,24.0,2017-02-07,6,Miami,FL
general protesters,Against immigration executive order,1.0,250.0,2017-02-07,6,Port Orange,FL
EIU College Democrats,"Against ""Muslim ban""",1.0,35.0,2017-02-07,6,Charleston,IL
general protesters,"Against ""travel ban"" and DeVos nomination",1.0,16.0,2017-02-07,6,Indianapolis,IN
Indivisible Kansas City,"Against ""travel ban"" and DeVos nomination",1.0,100.0,2017-02-07,6,Kansas City,MO
students; general protesters,anti-immigration ban; anti-Wall on US-Mexico border,1.0,130.0,2017-02-07,6,Long Beach,MS
New Jersey Working Families Alliance,Demanding New Brunswick be a Sanctuary City,1.0,62.0,2017-02-07,6,New Brunswick,NJ
general protesters,Against Rep. Chris Collins statements on immigration ban,1.0,18.0,2017-02-07,6,Buffalo,NY
students,Against immigration executive order,1.0,600.0,2017-02-07,6,New York,NY
general protesters,Demanding release of undocumented immigrant Martin Esquivel Hernandez,1.0,100.0,2017-02-07,6,Pittsburgh,PA
Indivisible Charlottesville,Against immigration executive order,1.0,200.0,2017-02-07,6,Charlottesville,VA
Puente Arizona,Against deportation of undocumented immigrant,1.0,100.0,2017-02-08,7,Phoenix,AZ
Students for Justice in Palestine,Against immigration executive order,1.0,45.0,2017-02-08,7,Fullerton,CA
Students Organize for Syria,Against immigration executive order,1.0,300.0,2017-02-08,7,Orlando,FL
Academics United,Against immigration executive order,1.0,75.0,2017-02-09,8,Tuscaloosa,AL
Academics United,Against immigration executive order,1.0,150.0,2017-02-09,8,Tempe,AZ
general protesters,Against stepped up immigration raids,1.0,125.0,2017-02-09,8,Los Angeles,CA
Academics United,"Against ""Immigration ban""",1.0,50.0,2017-02-09,8,Gainesville,FL
Academics United,"Against ""Muslim ban""",1.0,200.0,2017-02-09,8,Ames,IA
students and faculty,"Against ""Muslim ban""",1.0,130.0,2017-02-09,8,Champaign,IL
Academics United,"Against ""Muslim ban""",1.0,200.0,2017-02-09,8,Evanston,IL
students,"Against ""travel ban""",1.0,62.0,2017-02-09,8,Lexington,KY
Iranian Student Association,Against immigration executive order,1.0,24.0,2017-02-09,8,Baton Rouge,LA
student protestors,against the Muslim ban,1.0,42.5,2017-02-09,8,Ann Arbor,MI
students,Against immigration executive order,1.0,200.0,2017-02-09,8,University,MI
general protesters,against EO on immigration,1.0,40.0,2017-02-09,8,Oxford,MS
students,"Against ""Muslim ban""",1.0,87.0,2017-02-09,8,Charlotte,NC
general protestors,against immigration ban,1.0,100.0,2017-02-09,8,Athens,OH
general protesers,Against detention of undocumented immigrant Francisco Alvarado,1.0,24.0,2017-02-09,8,Austin,TX
general protesters,LGBT rights; abortion rights; immigrant rights,1.0,65.0,2017-02-09,8,Waco,TX
Academics United,Against immigration executive order,1.0,100.0,2017-02-09,8,Blacksburg,VA
Academics United,Against immigration executive order,1.0,28.0,2017-02-09,8,Milwaukee,WI
general protestors,against immigration ban,1.0,100.0,2017-02-10,9,Lower Manhattan,NY
general protesters,Againts ICE raids; Against immigration executive order,1.0,550.0,2017-02-10,9,New York,NY
general protesters,Against detention of undocumented immigrants,1.0,100.0,2017-02-10,9,Austin,TX
general protesters,Against deportation of undocumented immigrants,1.0,200.0,2017-02-11,10,Washington,DC
NC NAACP,"Voting Rights, against immigration executive order, against North Carolina restrictions on transgender rights, against ACA repeal",1.0,48500.0,2017-02-11,10,Raleigh,NC
ICE-Free NYC,Againts ICE raids; Against immigration executive order,1.0,1250.0,2017-02-11,10,New York,NY
general protesters,Against immigration executive order,1.0,378.5,2017-02-11,10,Wooster,OH
general protesters,ICE raids,1.0,12.0,2017-02-11,10,Austin,TX
general protestors,against immigration restrictions,1.0,62.5,2017-02-11,10,Green Bay,WI
HIAS,Against immigration executive order,1.0,200.0,2017-02-12,11,Mountain View,CA
HIAS,Against immigration executive order,1.0,140.0,2017-02-12,11,Denver,CO
general protesters,Against immigration executive order,1.0,170.0,2017-02-12,11,Newark,DE
HIAS,Against immigration executive order,1.0,100.0,2017-02-12,11,Buffalo Grove,IL
general protesters,Against ICE raids,1.0,200.0,2017-02-12,11,Indianapolis,IN
HIAS; Jewish Community Relations Council,Against immigration executive order,1.0,200.0,2017-02-12,11,Boston,MA
general protesters,Against ICE raids,1.0,125.0,2017-02-12,11,Baltimore,MD
HIAS; ADL,Against immigration executive order,1.0,850.0,2017-02-12,11,New York,NY
general protesters,"Immigrant Rights, Farm Worker Rights",1.0,700.0,2017-02-12,11,Mount Vernon,WA
tech workers,"Against ""Muslim ban""",1.0,150.0,2017-02-13,12,San Francisco,CA
general protesters,against ICE raids,1.0,60.0,2017-02-13,12,Port Townsend,WA
Voces de la Frontera,Against Milwaukee Sheriff arresting undocumented immigrants,1.0,15000.0,2017-02-13,12,Milwaukee,WI
general protesters,Against ICE raids,1.0,200.0,2017-02-14,13,New York,NY
New Sanctuary Movement of Philadelphia,Against arrests of undocumented immigrants,1.0,24.0,2017-02-14,13,Philadelphia,PA
general protesters,Against immigration stance of County Commissioner Corey Stewart,1.0,24.0,2017-02-14,13,Woodbridge,VA
Northwest Detention Center Resistance,Against Detention of undocumented immigrant Daneil Medina,1.0,24.0,2017-02-14,13,Tacoma,WA
IfNotNow,In support of immigrant community; against Netanyahu,1.0,200.0,2017-02-15,14,Washington,DC
general protesters,Against ICE raids,1.0,24.0,2017-02-15,14,Las Cruces,NM
general protesters,against ICE raids,1.0,20.0,2017-02-15,14,Las Cruces,NM
Students for Solidarity,against immigration ban,1.0,87.5,2017-02-15,14,Greenville,SC
general protesters,immigrant rights,1.0,75.0,2017-02-15,14,Del Valle,TX
Lucha Unida de Padres y Estudiantes,Immigrant Rights,1.0,90.0,2017-02-16,15,Tucson,AZ
general protesters,Immigrant Rights,1.0,3700.0,2017-02-16,15,Fresno,CA
general protesters,Immigrant Rights,1.0,950.0,2017-02-16,15,Napa,CA
general protesters,against ICE raids,1.0,24.0,2017-02-16,15,Napa,CA
general protesters,Immigrant Rights,1.0,200.0,2017-02-16,15,San Francisco,CA
general protesters,Immigrant Rights,1.0,24.0,2017-02-16,15,Ukiah,CA
general protesters,Immigrant Rights,1.0,50.0,2017-02-16,15,Ventura County,CA
Many Languages One Voice,Immigrant Rights,1.0,200.0,2017-02-16,15,Washington,DC
general protesters,Immigrant Rights,1.0,40.0,2017-02-16,15,Boca Raton,FL
general protesters,Immigrant Rights,1.0,50.0,2017-02-16,15,Gainesville,FL
general protesters,Immigrant Rights,1.0,112.0,2017-02-16,15,Homestead,FL
general protesters,Immigrant Rights,1.0,318.5,2017-02-16,15,Palm Beach,FL
general protesters,Immigrant Rights,1.0,50.0,2017-02-16,15,Pensacola,FL
general protesters,Immigrant Rights,1.0,200.0,2017-02-16,15,Atlanta,GA
general protesters,Immigrant Rights,1.0,2250.0,2017-02-16,15,Des Moines,IA
general protesters,Against immigration executive order,1.0,1100.0,2017-02-16,15,Chicago,IL
general protesters,Immigrant Rights,1.0,250.0,2017-02-16,15,Indianapolis,IN
general protesters,Immigrant Rights,1.0,400.0,2017-02-16,15,Wichita,KS
general protesters,Immigrant Rights,1.0,200.0,2017-02-16,15,Baltimore,MD
Mangonadas Del Barrio,Immigrant Rights,1.0,350.0,2017-02-16,15,Detroit,MI
general protesters,Immigrant Rights,1.0,1500.0,2017-02-16,15,Grand Rapids,MI
general protesters,Immigrant Rights,1.0,500.0,2017-02-16,15,Pontiac,MI
general protesters,Immigrant rights,1.0,600.0,2017-02-16,15,St. Paul,MN
general protesters,Immigrant Rights,1.0,400.0,2017-02-16,15,Kansas City,MO
general protesters,Immigrant rights,1.0,7500.0,2017-02-16,15,Charlotte,NC
general protesters,Immigrant Rights,1.0,700.0,2017-02-16,15,Raleigh,NC
general protesters,Immigrant Rights,1.0,150.0,2017-02-16,15,Wilmington,NC
general protesters,Immigrant Rights,1.0,180.0,2017-02-16,15,Grand Island,NE
general protesters,Immigrant Rights,1.0,2000.0,2017-02-16,15,Lakewood,NJ
general protesters,against the immigration ban,1.0,175.0,2017-02-16,15,Perth Amboy,NJ
general protesters,Immigrant Rights,1.0,25.0,2017-02-16,15,Long Island,NY
general protesters,Immigrant Rights,1.0,1000.0,2017-02-16,15,Spring Valley,NY
general protesters,Immigrant Rights,1.0,200.0,2017-02-16,15,Yonkers,NY
general protesters,Immigrant Rights,1.0,200.0,2017-02-16,15,Columbus,OH
general protesters,Immigrant Rights,1.0,12.0,2017-02-16,15,Catoosa,OK
general protesters,Immigrant Rights,1.0,240.0,2017-02-16,15,Hood River,OR
general protesters,Immigrant Rights,1.0,30.0,2017-02-16,15,Tillamook,OR
general protesters,Immigrant Rights,1.0,24.0,2017-02-16,15,Pittsburgh,PA
general protesters,Immigrant Rights,1.0,100.0,2017-02-16,15,Bluffton,SC
general protesters,Immigrant Rights,1.0,20.0,2017-02-16,15,Nolensville,TN
general protesters,Immigrant Rights,1.0,620.0,2017-02-16,15,Austin,TX
Students,Immigrant Rights,1.0,100.0,2017-02-16,15,Dallas,TX
general protesters,Immigrant Rights,1.0,1000.0,2017-02-16,15,Houston,TX
general protesters,Immigrant Rights,1.0,35.0,2017-02-16,15,Sherman,TX
general protesters,Immigrant Rights,1.0,1050.0,2017-02-16,15,Waco,TX
general protesters,Immigrant Rights,1.0,100.0,2017-02-16,15,Wenatchee,WA
general protesters,Immigrant Rights,1.0,150.0,2017-02-16,15,Jackson Hole,WY
general protesters,Immigrant Rights,1.0,25.0,2017-02-17,16,Phoenix,AZ
general protesters,Immigrant Rights,1.0,60.0,2017-02-17,16,Los Angeles,CA
students,immigrant rights,1.0,150.0,2017-02-17,16,Riverside,CA
general protesters,immigrant rights,1.0,24.0,2017-02-17,16,Fort Meyers,FL
general protesters,Immigrant Rights,1.0,50.0,2017-02-17,16,Gainesville,FL
general protesters,Immigrant Rights,1.0,24.0,2017-02-17,16,Chicago,IL
general protesters,immigrant rights,1.0,75.0,2017-02-17,16,Goshen,IN
general protesters,Against deportations,1.0,50.0,2017-02-17,16,Amherst,MA
general protesters,Against deportations,1.0,150.0,2017-02-17,16,Detroit,MI
High School Students,Immigrant rights,1.0,300.0,2017-02-17,16,Charlotte,NC
general protesters,detention of undocumented immigrants,1.0,200.0,2017-02-17,16,Hudson,NY
general protesters,Immigrant Rights,1.0,200.0,2017-02-17,16,New York,NY
general protesters,against ICE arrests,1.0,24.0,2017-02-17,16,Manor,TX
general protesters,against ICE arrest of Daniel Ramirez Medina,1.0,24.0,2017-02-17,16,Seattle,WA
general protesters,Immigrant Rights,1.0,2000.0,2017-02-18,17,Los Angeles,CA
Community for Unity,"Immigrant Rights, anti-Trump",1.0,200.0,2017-02-18,17,Denver,CO
general protesters,for making Fresno a sanctuary city,1.0,200.0,2017-02-18,17,Fresno,CA
Democrats of Hemet-San Jacinto,Immigrant Rights,1.0,62.5,2017-02-18,17,Hemet-San Jacinto,CA
general protesters,Immigrant Rights,1.0,4000.0,2017-02-18,17,San Diego,CA
general protesters,Immigrant Rights,1.0,15.0,2017-02-18,17,Gainesville,FL
general protesters,Immigrant Rights,1.0,100.0,2017-02-18,17,Valparaiso,IN
Stand Up for Racial Justice,Immigrant Rights,1.0,200.0,2017-02-18,17,Frederick,MD
general protesters,Immigrant Rights,1.0,800.0,2017-02-18,17,Minneapolis,MN
In Solidarity,Immigrant Rights,1.0,1700.0,2017-02-18,17,Dallas,TX
general protesters,Immigrant Rights,1.0,600.0,2017-02-19,18,Salem,OR
general protesters,against Muslim ban,1.0,12.0,2017-02-19,18,Swanton,VT
The Foundation For Ethnic Understanding,pro-Muslim; oppose immigration EO,1.0,6000.0,2017-02-20,19,New York,NY
general protesters,requesting Chico become Sanctuary City,1.0,30.0,2017-02-21,20,Chico,CA
"Sen. Ed Markey, Rep. Joe Kennedy",Pro immigration,1.0,62.0,2017-02-21,20,Boston,MA
Benedictines for Peace,Immigrant Rights,1.0,60.0,2017-02-22,21,Erie,PA
Make the Road New Jersey,against tighter immigration enforcement,1.0,200.0,2017-02-23,22,Elizabeth,NJ
Fuse Washington,pro-ACA; pro-immigrants; hold a town hall,1.0,200.0,2017-02-23,22,Issaquah,WA
General Protest ,Trump’s immigration and healthcare stances,1.0,20.0,2017-02-24,23,National Harbor ,MD
United Talent Agency,for immigration rights,1.0,1200.0,2017-02-24,23,Beverly Hills,CA
"Alt Right, MN; Industrial Workers of the World; Twin Cities General Defense Committee",support for Trump policies; protest immigration ban; ,1.0,50.0,2017-02-25,24,Minneapolis,MN
General Protest,pro Trump immigration politics,1.0,24.0,2017-02-25,24,Massapequa Park,NY
General Protest,"No Ban, No Wall; pro-immigration",1.0,1000.0,2017-02-25,24,Austin,TX
General Protest,Anti Trump's immigration policy ,1.0,75.0,2017-02-26,25,Long Island,NY
Pasadenans Organizing for Progress,pro-immigration; anti-deportation,1.0,200.0,2017-02-27,26,Pasadena,CA
General protest; Latino Legislative Day,pro-immigration,1.0,1500.0,2017-02-27,26,Olympia,WA
general protestors,pro-immigration,1.0,200.0,2017-02-27,26,Red Bank,NJ
general protestors,pro-immigration,1.0,200.0,2017-02-27,26,Portland,OR
general protestors,pro-immigration,1.0,200.0,2017-02-27,26,Annapolis,MD
CASA; LatinoJustice PRLDEF; Sanctuary DMV; PICO National,anti-Trump; supports an El Salvador woman awaiting trial who faces deportation; anti-Trump,1.0,32.0,2017-02-27,26,Baltimore,MD
general protestors ,oppose TX sanctuary law ban,1.0,200.0,2017-02-28,27,Austin,TX
faculty; students,Against Trump's travel ban,1,200.0,2017-03-01,28,Pasedena,CA
Community Initiatives for Visiting Immigrants in Confinement (CIVIC) ,Immigrant rights; Protest planned deportation of Napa-resident Oswaldo Martinez,1,100.0,2017-03-01,28,Richmond,CA
HIAS,pro-immigration; anti-EO,1,100.0,2017-03-02,29,Washington ,DC
"Juntos; Philadelphians Organized to Witness, Empower & Rebuild (POWER); the Black and Brown Workers Collective; Mijente",pro-sanctuary; anti-Trump,1,300.0,2017-03-02,29,Philadelphia,PA
organizer Steve Clark; general protestors,Pro immigration,1,87.5,2017-03-04,31,Farmington,NM
Corey Stewart for Governor campaign,against sanctuary cities,2,125.0,2017-03-04,31,Richmond,VA
ICE Out of RVA,pro-immigration,1,125.0,2017-03-04,31,Richmond,VA
Black Lives Matter ,Immigration; President Trump; juvenile justice; several other causes,1,2000.0,2017-03-04,31,Seattle ,WA
general protesters,"support for an undocumented immigrant, Romulo Avelica-Gonzalez, 48, who was detained by ICE agents",1,75.0,2017-03-06,33,Los Angeles,CA
"""general protesters""",anti-Muslim Ban; anti-travel EO,1,87.0,2017-03-06,33,San Diego,CA
general protesters,anti-Muslim Ban; anti-travel EO,1,24.0,2017-03-06,33,San Francisco,CA
general protesters; Friends Committee on National Legislation; American Civil Liberties Union; Our Revolution; MoveOn.org; Lambda Legal; National People’s Action; Jewish group Bend the Arc,anti-Muslim Ban; anti-travel EO,1,24.0,2017-03-06,33,Washington,DC
Harvard Islamic Society/society of Arab students,Anti-travel ban,1,200.0,2017-03-06,33,Cambridge,MA
university of north texas students,petitioning school to become sanctuary school,1,24.0,2017-03-06,33,Denton,TX
general proestor,anti-travel ban,1,100.0,2017-03-06,33,Vancouver,WA
general protestors,Pro-sanctuary campus,1,24.0,2017-03-07,34,Bloomington ,IN
general protesters,"designate Oxnard a ""safe"" city; pro-immigrant",1,300.0,2017-03-08,35,Oxnard,CA
general protesters,opposed ICE detention of José Coyote Pérez; pro-immigration,1,100.0,2017-03-09,36,Irondequoit,NY
Kenosha United to Serve Humanity,Pro-immigrants; anti-Trump,1,300.0,2017-03-09,36,Kenosha,WI
NY Immigration Coalition;ACCESS,oppose Trump's travel ban,1,100.0,2017-03-10,37,Lakawanna,NY
general protestors,pro immigration,1,35.0,2017-03-11,38,Raleigh,NC
San Diego Indivisible Downtown,anti-Muslim Ban; anti-travel EO,1,36.0,2017-03-12,39,San Diego,CA
general protestors,celebrate immigrants,1,50.0,2017-03-12,39,Hastings,NE
general protesters,anti-Immigration EO,1,25.0,2017-03-13,40,Pittsburgh,PA
Low County Immigration Coalition; Low County Indivisible,pro-immigration,1,75.0,2017-03-14,41,Beaufort,SC
Low County Immigration Coalition; Low County Indivisible,pro-immigration,1,160.0,2017-03-14,41,Blufton,SC
Birthplace of Justice,anti-Muslim Ban; anti-travel EO; No Ban No Wall,1,50.0,2017-03-16,43,Montgomery,AL
Los Angeles chapter of RefuseFascism.org,against second Trump immigration order,1,12.0,2017-03-16,43,Los Angeles,CA
students; faculty,anti-Muslim Ban; anti-travel EO,1,18.0,2017-03-16,43,San Diego,CA
general protesters,anti-Muslim ban,1,200.0,2017-03-16,43,San Francisco,CA
American Civil Liberties Union of Delaware and the Delaware Civil Rights Commission,pro-immigrants; pro-sanctuary,1,18.0,2017-03-16,43,Wilmington,DE
general members of faith communities,pro-immigrants; pro-sanctuary,1,200.0,2017-03-16,43,Asheville,NC
NJ ACLU; general protesters,anti-Muslim Ban; anti-travel EO,1,30.0,2017-03-16,43,Newark,NJ
general protesters,anti-immigration ban; anti-Trump EO,1,24.0,2017-03-17,44,Tucson,AZ
general protestors,againt Trump immigration policy,1,100.0,2017-03-18,45,Chicago,IL
wind of the spirit immigrant resource center,immigration support,1,400.0,2017-03-18,45,Morristown,NJ
general protesters,to protest a plan to deputize local law enforcement officers as federal immigration agents (ICE); program 287(g),1,112.0,2017-03-18,45,Reading,PA
general protesters,"protest Coughlin’s support for H5093, which would have local police officers effectively act as ICE agents",1,35.0,2017-03-18,45,Pawtucket,RI
Voz Hispana Cambio Comunitario and Milenio,oppose Trump immigration policies,1,70.0,2017-03-20,47,Woodburn ,OR
Voces de la Frontera,oppose immigration ordinance,1,500.0,2017-03-20,47,Sheboygan,WI
Protesters,Protest for immigrant rights,1,200.0,2017-03-22,49,Los Angeles,CA
Minnesota Immigrant Rights Action Committee,Against deportation,1,30.0,2017-03-24,51,Minneapolis,MN
Protesters,oppose detention of immigrants from Geneseo,1,75.0,2017-03-24,51,Irondequoit,NY
general protesters,against border wall,1,150.0,2017-03-25,52,El Paso,TX
General protesters,"safety in schools, oppose illegal immigration",2,100.0,2017-03-26,53,Rockville,MD
Coming out of the shadows,oppose immigration detention of transgender individuals,1,24.0,2017-03-27,54,Santa Ana,CA
General protesters,Against deportation,1,200.0,2017-03-28,55,Sacramento,CA
general protesters,support immigrants,1,24.0,2017-03-28,55,Harrisburg,FL
" Florida Immigrant Coalition, Farmworker Association of Florida, Redland Christian Migrant Association, WeCount!, and Young American Dreamers ",support immigrants,1,24.0,2017-03-28,55,Tallahassee,FL
general protesters,oppose ICE shooting,1,20.0,2017-03-28,55,Chicago,IL
Immigration advocates,end deportations,1,24.0,2017-03-28,55,New York City,NY
Immigrant Youth Coalition,oppose deportations,1,9.0,2017-03-30,57,Ontario,CA
"Immigrant Youth Coaltion, LGBTQ Youth",oppose deportations,1,24.0,2017-03-31,58,Los Angeles,CA
Adelante Alabama Worker Center,Support sanctuary city ordinance,1.0,30.0,2017-07-01,150,Birmingham,AL
United Church of Christ; CASA; Annapolis Sanctuary Network,Support local man detained by ICE,1.0,200.0,2017-07-03,152,Baltimore,MD
ACLU; C-U Immigration Forum ,Support immigration rights,1.0,250.0,2017-07-04,153,Champaign,IL
Tennessee Immigrant and Refugee Rights Coalition,Support local pro-immigrant bill,1.0,150.0,2017-07-06,155,Nashville,TN
Minnesota Immigrant Rights Action Committee; Unlawful Assembly,Oppose county's contract with ICE,1.0,26.0,2017-07-09,158,Albert Lea,MN
general protestors,protesting plan to turn jailhouse into holding cell for ICE,1.0,200.0,2017-07-10,159,Jerome,ID
general protestors,Protesting Trump's border wall construction,1.0,50.0,2017-07-10,159,Oakland,CA
Minnesota Immigrant Rights Action Committee; Communities United Against Police Brutality,Oppose deportation of Ariel Vences-Lopez,1.0,30.0,2017-07-10,159,St. Paul,MN
general protestors,Oppose deportation of local Iraqi resident,1.0,250.0,2017-07-11,160,Northampton,MA
Democratic Socialists of America,Protesting sherriff and asking him to support sanctuary city,1.0,40.0,2017-07-13,162,Los Angeles,CA
general protestors,I Stand with Dreamers; oppose Nebraska’s Attorney General's request to end DACA,1.0,50.0,2017-07-16,165,Hastings,NE
general protestors,Protesting potential deportation of Ann Arbor woman,1.0,200.0,2017-07-18,167,Ann Arbor,MI
Jolt,Quinceañeras at the Capitol to oppose anti-sanctuary state bill SB 4,1.0,15.0,2017-07-19,168,Austin,TX
general protestors,Demand company not submit bid for Trump’s Mexico-border wall,1.0,50.0,2017-07-19,168,Oakland,CA
SEIU 32BJ,Oppose deportation of MIT custodian,1.0,24.0,2017-07-20,169,Boston,MA
LUPE,Education Not Deportation,1.0,30.0,2017-07-20,169,Harlingen,TX
NM Dream Team,Support DACA,1.0,50.0,2017-07-21,170,Albuquerque,NM
general protestors,Protesting deportation of MIT janitor,1.0,24.0,2017-07-22,171,Boston,MA
Greater Middletown Interfaith Council; Caring for Our Neighbors Coalition,God’s Executive Order Rally in support of immigrants,1.0,100.0,2017-07-22,171,Middletown,NY
organizer Maria Rocha ,Call on local lawmakers to end participation in the 287-G program to partner with ICE,1.0,24.0,2017-07-23,172,North Charleston,SC
general protestors,Protesting vote to expand immigration detention facility,1.0,40.0,2017-07-25,174,Conroe,TX
general protestors,Protesting ICE and detentions,1.0,24.0,2017-07-25,174,Los Angeles,CA
Movimiento Cosecha,Demand the protection of the DACA program,1.0,50.0,2017-07-26,175,Austin,TX
general protestors,Oppose deportation of New Fairfield man,1.0,100.0,2017-07-27,176,Hartford,CT
HOLA Ohio,Oppose imminent deportation of an undocumented Mexican woman,1.0,300.0,2017-07-27,176,Painesville,OH
Inland Coalition for Immigrant Justice,Demand county sheriff not cooperate with ICE,1.0,100.0,2017-07-28,177,San Bernadino,CA
Southern California Silent Majority MAGA,promote patriotism; oppose sanctuary state bills; against gas taxes,2.0,300.0,2017-06-03,122,Fountain Valley,CA
general protesters,Oppose revised Muslim travel ban,1.0,5.0,2017-06-29,148,Los Angeles,CA
general protesters,supporting family whose parents are detained for immigration reasons,0.0,100.0,2017-06-06,125,National City,CA
general protesters,protesting Trump's immigration policy,1.0,150.0,2017-06-01,120,Washington,DC
general protesters,Oppose revised travel ban,1.0,24.0,2017-06-30,149,Tampa,FL
SEIU Local 1; IndyCan,Oppose unlawful ICE detentions,1.0,24.0,2017-06-15,134,Indianapolis,IN
former sheriff Joe Arpaio and Second Amendment supporters,"Support Second Amendment rights and oppose Islam, immigration",2.0,250.0,2017-06-17,136,Belchertown,MA
general protesters,protest against arrests and deportation of Iraqi Chaldeans,1.0,100.0,2017-06-11,130,Detroit,MI
By Any Means Necessary,Oppose ICE raids on Iraqi immigrants,1.0,100.0,2017-06-14,133,Detroit,MI
general protesters,Oppose ICE raids on Iraqi immigrants,1.0,200.0,2017-06-21,140,Detroit,MI
general protesters,Oppose ICE raids on Arab immigrants,1.0,24.0,2017-06-12,131,Southfield,MI
general protesters,Against arrest and deportation of Mosa Hamadeesa,1.0,24.0,2017-06-07,126,Raleigh,NC
Sanctuary City Coalition of Winston-Salem; Social Justice Committee of the Ministers’ Conference of Winston-Salem and Vicinity; Green Street United Methodist Church,Oppose pending ICE deportation of local mother,1.0,20.0,2017-06-20,139,Winston-Salem,NC
Immigrant and civil rights advocates; faith groups ,Protest death in ICE custody,1.0,50.0,2017-06-26,145,Kearney,NJ
ACLU of New Mexico; New Mexico Faith Coalition,against deportation of Iraqi immigrants,1.0,300.0,2017-06-26,145,Albuquerque,NM
general protesters,protest against arrest of Ecuadorian student for deportation,1.0,37.0,2017-06-12,131,New York,NY
Westchester United Church of Christ; general protesters,Oppose ICE deportation of Diego Puma,1.0,20.0,2017-06-21,140,New York,NY
classmates and supporters,Oppose ICE arrest of Diego Ismael Puma Macancela and his mother,1.0,28.0,2017-06-16,135,Ossining ,NY
"Troy Area Labor Council AFL-CIO and including ICE-FREE Capital District, the Albany chapter of the Democratic Socialists of America and Citizen Action of New York ",Support Troy being a sanctuary city,1.0,24.0,2017-06-01,120,Troy,NY
general protesters,Oppose Troy being a sanctuary city,2.0,6.0,2017-06-01,120,Troy,NY
New Sanctuary Network Tulsa,Oppose ICE arrests and deportations,1.0,20.0,2017-06-29,148,Tulsa,OK
general protesters,protesting new ICE detention center in Conroe,0.0,15.0,2017-06-13,132,Conroe,TX
Border Network for Human Rights,against border wall,1.0,147.0,2017-06-24,143,El Paso,TX
general protesters,Oppose state bill punishing sanctuary cities,1.0,200.0,2017-06-26,145,San Antonio,TX
Migrant Justice ,Demand release of arrested immigrant protestors,1.0,24.0,2017-06-19,138,South Burlington,VT
Migrant Justice ,Demand release of arrested immigrant protestors,1.0,24.0,2017-06-19,138,St. Albans,VT
general protestors ,Protesting Trump's decision to end DACA; rallying for immigrants,1.0,50.0,2017-12-01,303,Des Moines,IA
general protestors,Protesting Trump's decision to end DACA; rallying for immigrants,1.0,200.0,2017-12-01,303,Red Bank,NJ
general protestors,Protesting Trump's decision to end DACA; rallying for immigrants,1.0,300.0,2017-12-02,304,Vista,CA
general protestors,Rallying for DREAM Act,1.0,40.0,2017-12-04,306,Phoenix,AZ
Center For American Progress Action Fund,Protesting Trump's decision to end DACA; rallying for immigrants,1.0,66.0,2017-12-04,306,Washington ,DC
general protestors,Protesting Trump's decision to end DACA; rallying for immigrants,1.0,24.0,2017-12-05,307,Austin,TX
PDA Broward,Protesting Trump's decision to end DACA; rallying for immigrants,1.0,4.0,2017-12-05,307,Fort Lauderdale,FL
Council on American-Islamic Relations,Protesting Supreme Court's decision to allow travel ban to take effect while legal process plays out,1.0,24.0,2017-12-05,307,Minneapolis,MN
general protestors,Protesting Trump's decision to end DACA; rallying for immigrants,1.0,30.0,2017-12-05,307,New York ,NY 
Muslim Students Association,Protesting Supreme Court's decision to allow travel ban to take effect while legal process plays out,1.0,150.0,2017-12-05,307,New York ,NY 
general protestors,Protesting Trump's decision to end DACA; rallying for immigrants,1.0,60.0,2017-12-05,307,Racine ,WI
general protestors,Protesting GOP tax plan; rallying for immigrants,1.0,24.0,2017-12-05,307,San Diego,CA
general protestors,Protesting Trump's decision to end DACA; rallying for immigrants,1.0,200.0,2017-12-06,308,Boston,MA
Make the Road CT,Rallying for immigrant protections,1.0,124.0,2017-12-06,308,Hartford,CT
Tennessee Immigrant and Refugee Rights Coalition,Protesting Trump's decision to end DACA; rallying for immigrants,1.0,26.0,2017-12-06,308,Johnson City,TN
general protestors,Protesting Trump's decision to end DACA; rallying for immigrants,1.0,200.0,2017-12-06,308,Las Vegas,NV
Tennessee Immigrant and Refugee Rights Coalition,Protesting Trump's decision to end DACA; rallying for immigrants,1.0,13.0,2017-12-06,308,Memphis,TN
general protestors,Rallying for DREAM Act,1.0,150.0,2017-12-06,308,Nashville,LA
Tennessee Immigrant and Refugee Rights Coalition,Rallying for DREAM Act,1.0,115.0,2017-12-06,308,Nashville,TN
The Saratoga Immogration Coalition,Rallying for the DREAM Act,1.0,20.0,2017-12-06,308,Saratoga Springs,NY 
CT Students for a Dream,Rallying for immigrants protection,1.0,27.0,2017-12-06,308,Stamford,CT
The Center for Community Change,Rallying for DREAM Act,1.0,8500.0,2017-12-06,308,Washington ,DC
College Republicans,Protesting acquittal of immigrant man who killed American woman,0.0,20.0,2017-12-07,309,Berkeley,CA
MPower Change,"Protesting GOP tax plan, Muslim ban",1.0,738.0,2017-12-07,309,New York ,NY 
Justice For Muslims Collective,Protesting Trump's Muslim ban,1.0,227.0,2017-12-07,309,Washington ,DC
Florida Student Power Network,Rallying for DREAM Act,1.0,52.0,2017-12-08,310,La Palma,CA
general protestors,"Rallying for sanctuary cities, immigrants rights",1.0,11.0,2017-12-09,311,Greenfield,MA
Frontline America; Unite America First,Protesting border wall,1.0,20.0,2017-12-09,311,Otay Mesa,CA
general protestors,"Counter-protest, rallying for border wall",2.0,60.0,2017-12-09,311,Otay Mesa,CA
5th graders,Protesting Trump's immigration policy,1.0,100.0,2017-12-10,312,Boston,MA
We Are Mariano,Protesting planned deportation of local man,1.0,50.0,2017-12-12,314,Hartford,CT
general protestors,Rallying for DREAM Act,1.0,24.0,2017-12-12,314,Washington ,DC
Unidad Immigrante,Protesting deportation of local woman,1.0,40.0,2017-12-13,315,Salt Lake City ,UT
One Human Family,Protesting deportation of local woman,1.0,24.0,2017-12-14,316,Davenport,IA
general protestors,Protesting deportation of local Cambodian and Vietnamese people,1.0,30.0,2017-12-14,316,Davis,CA
United We Dream,Protesting Trump's decision to repeal DACA; rallying for DREAM Act,1.0,30.0,2017-12-14,316,Washington ,DC
Fight Sanctuary State,"Protesting sanctuary cities, immigrants",2.0,30.0,2017-12-16,318,San Francisco ,CA
general protestors,"Counter-protest, rallying for immigrants",1.0,200.0,2017-12-16,318,San Francisco ,CA
Democracy Action SF,Rallying for DREAM Act,1.0,13.0,2017-12-16,318,San Francisco ,CA
Indivisible Midlands,Protesting arrests of 7 DACA recipients at rally,1.0,22.0,2017-12-17,319,Columbia,SC
Broward for Progress,Protesting arrest of Dreamers,1.0,19.0,2017-12-17,319,Davie,FL
general protestors,Protesting arrest of Dreamers,1.0,12.0,2017-12-17,319,Phoenix,AZ
ACLU,Rallying for DREAM Act,1.0,11.0,2017-12-18,320,Birmingham,AL
general protestors,Rallying for DREAM Act,1.0,24.0,2017-12-18,320,Grandville,MI 
32BJ SEIU,Protesting deportation of local man,1.0,45.0,2017-12-18,320,Hartford,CT
general protestors,Protesting Trump's decision to end DACA,1.0,24.0,2017-12-18,320,Kansas City,MO
Columbia County Sanctuary Movement,Rallying for DREAM Act,1.0,12.0,2017-12-18,320,Kinderhook,NY 
Democracy Action SF,Rallying for DREAM Act,1.0,23.0,2017-12-18,320,San Francisco ,CA
"general protestors, immigrant youth",Demanding a Dream Act; DREAMACT NOW,1.0,200.0,2017-12-18,320,Washington ,DC
Workers Justice Center of New York,Protesting deportation of local woman,1.0,31.0,2017-12-19,321,Batavia,NY 
general protestors,Protesting Trump's decision to end DACA; rallying for immigrants,1.0,17.0,2017-12-19,321,New Haven,CT
Make the Road New York,Rallying for DREAM Act,1.0,82.5,2017-12-19,321,New York ,NY 
HANA Center ,Protesting Trump's decision to end DACA; rallying for immigrants,1.0,58.0,2017-12-19,321,Washington ,DC
Connecticut Students for a Dream,Rallying for DREAM Act,1.0,24.0,2017-12-19,321,Washington ,DC
general protestors,Rallying for DREAM Act,1.0,24.0,2017-12-20,322,Clovis,CA
ACLU of Colorado,Rallying for DREAM Act,1.0,20.0,2017-12-20,322,Denver,CO
"CODE Legal Aid, Inc",Protesting deportation/detainment of Iraqi nationals,1.0,52.0,2017-12-20,322,Detroit,MI 
" March And Rally Los Angeles, Democratic Socialists of America - Los Angeles, Resilience OC, Inland Empire - Immigrant Youth Collective, Central American Resource Center (CARECEN-LA), Dream Team Los Angeles, California Immigrant Youth Justice Alliance, Orange County Immigrant Youth United",Protest Trump’s anti-immigrant attacks,1.0,83.5,2017-12-20,322,Los Angeles,CA
General Public,"Support jailed ""Dreamers"" and better Immigration Proposal",1.0,73.0,2017-12-20,322,San Antonio,TX
general protestors,Protesting Trump's deicision to end DACA; rallying for immigrants,1.0,600.0,2017-12-20,322,Washington ,DC
DREAM 7,Protesting Trump's decision to end DACA; rallying for immigrants,1.0,7.0,2017-12-21,323,Washington ,DC
Elkhart County Coalition,Protesting new ICE center,1.0,200.0,2017-12-23,325,Elkhart County,IN
Women's March,Protesting Schumer's inability to pass DREAM Act,0.0,221.5,2017-12-23,325,New York ,NY 
general protestors,Protesting deportation of local woman,1.0,20.0,2017-12-25,327,Salt Lake City ,UT
general protestors,Protesting Trump's Muslim ban,1.0,24.0,2017-12-27,329,New York ,NY 
general protestors,pro-undocumented; pro-immigrants,1,100.0,2017-04-30,88,Phoenix,AZ
multi-faith groups,protest against deportations and Trump's immigration policies,1,300.0,2017-04-13,71,Los Angeles,CA 
general protestors; union,pro-immigration; anti-Trump,1,2000.0,2017-04-29,87,Hartford,CT
politicans; general protestors,immigrants rights rally,1,200.0,2017-04-29,87,Hartford,CT
We Belong Together,oppose Trump's immigration policies,1,112.0,2017-04-13,71,Washington,DC
general protestors,pro-immigrant rally,1,120.0,2017-04-03,61,Peoria,IL  
general protestors; Familia Latina Unida,Protesting against the deportation of their parents,1,16.0,2017-04-04,62,Chicago,IL  
general protestors,pro-immigrant,1,55.0,2017-04-04,62,Brockton,MA
Massachusetts Immigrant and Refugee Advocacy Coalition,Pro Immigration,1,24.0,2017-04-05,63,Boston,MA
general protesters,"pro-sanctuary, against anti-sanctuary bill",1,200.0,2017-04-20,78,Augusta,ME
general protesters,anti-immigration ban,1,40.0,2017-04-20,78,Grand Rapids,MI
general protesters,pro-immigrant; pro-sanctuary,1,100.0,2017-04-17,75,Winston-Salem,NC
TomCat bakery workers,against Trump's immigration policies,1,200.0,2017-04-08,66,New York City,NY
Rise and resist,protest against Trump's immigration policy,1,50.0,2017-04-13,71,New York City,NY
students; faculty,anti-immigration ban; anti-Trump,1,40.0,2017-04-19,77,Schenectady,NY
general protestors,support for immigrants and refugees in NY and VT,1,30.0,2017-04-22,80,Chesterfield,NY
general protestors,against the deportation of a local woman,1,200.0,2017-04-08,66,Hamilton,OH
Portland's Resistance,"protesting outside an event with the director of the Center for Immigration Studies, Jessica Vaughan",0,20.0,2017-04-11,69,Portland,OR
general protestors,Mega March against Trump's immigration policies,1,11600.0,2017-04-09,67,Dallas,TX
Mormon Women for Ethical Government; Salt Lake Indivisible and Action Utah,protest community member's deportation,1,18.0,2017-04-06,64,Salt Lake City,UT
general protestors,against local man's deportation,1,30.0,2017-04-07,65,Tukwila,WA
general protesters,pro-immigrants; against Trump visit,1,200.0,2017-04-18,76,Kenosha,WI
Indivisble Anchorage,Rallying for Young to vote for a clean DREAM Act,1,5.0,2017-10-18,259,Anchorage,AK
general protestors,Protesting ICE,1,50.0,2017-10-12,253,Baltimore,MD
High School Students; College Students ,Protesting against Trump's decesion to rescind DACA,1,16.0,2017-10-09,250,Berkeley ,CA
general protestors,Protesting immigration detention; against ICE,1,200.0,2017-10-10,251,Boston,MA
Local 11 members; general protestors; Members of SEIU United Service Workers West union ,Protesting DACA ,1,175.0,2017-10-26,267,Brea,CA
Harvard Islamic Society,Protesting Trump's travel ban,1,100.0,2017-10-17,258,Cambridge,MA
general protestors,Protesting Trump's travel ban,1,75.0,2017-10-18,259,Chattanooga,TN
Syrian Community Network,Protesting Trump's Muslim ban,1,104.0,2017-10-18,259,Chicago,IL
general protestors,Protesting Trump's immigration/anti-muslim agenda,1,50.0,2017-10-04,245,Detroit,MI
Yemeni-American protestors; ,Protesting new Trump immigration ban,1,450.0,2017-10-27,268,Detroit,MI
LA County for Trump,Protesting meeting to discuss DACA,2,5.0,2017-10-28,269,Garden Grove,CA
general protestors,Protesting deportation,1,200.0,2017-10-06,247,Gary,IN
general protestors,Protesting Trump's decision to end DACA; rallying for immigrants,1,200.0,2017-10-31,272,Holland,MI
general protestors,Protesting Trump's decision to end DACA; rallying for immigration reform,1,30.0,2017-10-05,246,Houston,TX
Tennessee Immigrant and Refeugee Rights Coalition,Protesting Trump's travel ban,1,75.0,2017-10-18,259,Knoxville,TN
Council on American-Islamic Relations,Protesting Trump's latest travel ban,1,200.0,2017-10-15,256,Los Angeles,CA
general protestors,Protesting bill that would make it harder for cities to be sanctuary,1,24.0,2017-10-12,253,Madison,WI
Make the Road New York,Rallying for clean DREAM act,1,24.0,2017-10-19,260,New York,NY
Asian American Federation,Protesting Trump's decision to end DACA,1,24.0,2017-10-05,246,New York City ,NY
New Jersey Peace Action,Protesting Trump's latest travel ban,1,12.0,2017-10-07,248,Newton,NJ
Tikkun Olam Chvurah,Protesting ICE,1,40.0,2017-10-05,246,Philadelphia,PA
general protestors,Protesting Trump's decision to end DACA,1,250.0,2017-10-01,242,Raleigh,NC
general protestors,Rallying against Trump's immigration policy,1,200.0,2017-10-15,256,Seattle,WA
general protestors,Protesting threatened deportation of local resident,1,120.0,2017-10-16,257,Springfield,MA
general protestors,Protesting Border Wall,1,60.0,2017-10-27,268,Sunland Park,NM
general protestors,Protesting Trump's travel ban,1,200.0,2017-10-18,259,Washington,DC
general protestors,Protesting Trump's decision to end DACA; rallying for immigration reform,1,24.0,2017-10-05,246,Westwood,CA
general protestors,Protesting Trump's decision to end DACA; rallying for immigration reform,1,200.0,2017-10-07,248,Worthington,MN
Students,"Rallying for DACA, immigrants rights",1.0,24.0,2017-11-03,275,Lombard,IL
general protestors,Protesting sanctuary cities,2.0,8.0,2017-11-04,276,Hackensack,NJ
Detention Watch Network,Protesting deaths in ICE facilities,1.0,50.0,2017-11-05,277,Memphis,TN
Connecticut Immigrant Rights Alliance,Protesting deportation of community member ,1.0,23.0,2017-11-06,278,Hartford,CT
general protestors,Protesting ICE detention,1.0,75.0,2017-11-08,280,Boston,MA
high school students,Protesting Inaction for DACA recipients,1.0,200.0,2017-11-08,280,Oklahoma City,OK
general protestors,Protesting ICE detention,1.0,30.0,2017-11-09,281,Hartford,CT
Make the Road CT,Rallying for a clean DREAM Act,1.0,200.0,2017-11-09,281,New Haven,CT
Students,Rallying for DREAM Act,1.0,200.0,2017-11-09,281,Washington,DC
general protestors,Protesting deportation of community member ,0.0,200.0,2017-11-12,284,Chesire ,CT
general protestors,Protesting Trump's immigration policy,1.0,36.0,2017-11-13,285,Dallas ,TX
Black Alliance for Just Immigration,Protesting deportation of black immigrants,1.0,35.0,2017-11-15,287,Washington,DC
Unidad Latina en Accion,Protesting deportation of local man,1.0,54.0,2017-11-16,288,New Haven,CT
We are Mariano ,Protest to stop deportation of Mariano Cardosa Sr.,1.0,51.0,2017-11-17,289,Hartford ,CT
general protestors,Protesting deportation of local woman,1.0,100.0,2017-11-17,289,Painesville,OH
general protestors,Protesting potential new ICE facility,1.0,200.0,2017-11-18,290,Goshen,IN
general protestors,Protesting potential deportation of area woman,1.0,3.0,2017-11-20,292,Hartford,CT
Women's March on Raleigh,Rallying for DREAM Act,1.0,29.0,2017-11-21,293,Raleigh,NC
general protestors,Rallying for DREAM Act,1.0,10.0,2017-11-22,294,Janesville,WI
Defense lawyers,Protesting ICE intervention in case,1.0,100.0,2017-11-28,300,New York,NY
general protestors,Rallying for the DREAM Act,1.0,100.0,2017-11-30,302,Las Vegas,NV
general protestors,May Day; pro-labor; pro-immigrant; anti-Trump,1.0,1000.0,2017-05-01,89,Albuquerque,NM
general protestors,protest bill increasing immigration enforcement,1.0,50.0,2017-05-01,89,Austin,TX
immigrants and labor leaders,protest fed immigration policies; declare Boston a sanctuary city,1.0,200.0,2017-05-01,89,Boston,MA
general protestors,in support of immigrants,1.0,300.0,2017-05-01,89,Bloomington,IN
general protestors,"""A Day without immigrants"" event",1.0,24.0,2017-05-01,89,Bridgeport,CT
general protestors,May Day; labor and immigration policies,1.0,2000.0,2017-05-01,89,Chicago,IL
genral protestors,May Day; immigrants rights,1.0,200.0,2017-05-01,89,Cleveland,OH
general protestors,"""A Day without immigrants"" event",1.0,150.0,2017-05-01,89,Danbury,CT
general protestors; Cosecha Grand Rapids,May Day; Trump immigration policies,1.0,3000.0,2017-05-01,89,Grand Rapids,MI
immigrant farmworkers; general protestors,May Day; Trump immigration policies,1.0,1000.0,2017-05-01,89,Homestead,FL
general protestors; union workers; immigrants,May Day; immigrant workers rights,1.0,700.0,2017-05-01,89,Indianapolis,IN
general protestors,May Day; immigrant rights,1.0,1000.0,2017-05-01,89,Jersey City,NJ
general protestors,May Day; immigrants rights,1.0,200.0,2017-05-01,89,Kalamazoo,MI
South Florida Activism; Palm Beach County Coalition of Immigrant Rights; general protestors,May Day; pro-immigrant; oppose deportations,1.0,150.0,2017-05-01,89,Lake Worth,FL
union members; general protestors,May Day: Trump immigration policies,1.0,2500.0,2017-05-01,89,Las Vegas,NV
general protestors,May Day; immigration,1.0,20000.0,2017-05-01,89,Los Angeles,CA
general protestors,May Day; immigrants rights,1.0,375.0,2017-05-01,89,Madison,WI
Movimiento Cosecha,May Day; pro-immigrants,1.0,20.0,2017-05-01,89,Minneapolis,MN
general protestors,"""A Day without immigrants"" event",1.0,450.0,2017-05-01,89,New Haven,CT
Corporate Backers of Hate; Make the Road New York,May Day; targets companies tied to Trump that profit from his policies; workers rights; immigrant advocacy; protest banks funding of ICE detention facilities,1.0,500.0,2017-05-01,89,New York,NY
"politicians; general protestors; Make the Road New York, the New York Immigration Coalition, New York Nurses Association, New York Central Labor Council, and the service workers union SEIU 32 BJ ","""Rise Up: Immigrant Rights and Workers' Rights""",1.0,200.0,2017-05-01,89,New York ,NY
People's Power Assembly; general protestors; ICE-Free NYC and Brandworkers;,May Day; Immigration policy ,1.0,200.0,2017-05-01,89,New York ,NY
general protestors,May Day; pro-immigration; stop cooperation with ICE,1.0,100.0,2017-05-01,89,Oakland,CA
general protestors; labor groups; immigrants,May Day; Trump immigration policies,1.0,1000.0,2017-05-01,89,Oakland,CA
general protestors,May Day; Trump immigration policies,1.0,75.0,2017-05-01,89,Olympia,WA
general protestors,May Day; Black Lives Matter; immigrant rights; workers rights,1.0,200.0,2017-05-01,89,Philadelphia,PA
general protestors,May Day; immigrants rights,1.0,200.0,2017-05-01,89,Phoenix,AZ
general protestors; anarchists,May Day; Trump immigration policies,1.0,2000.0,2017-05-01,89,Portland,OR
general protestors,"May Day; deportation; wage theft"" profiling",1.0,2000.0,2017-05-01,89,Providence,RI
general protestors,May Day; anti-Trump; pro-immigrants,1.0,300.0,2017-05-01,89,Riverside,CA
general protestors,May Day or International Workers' Day; pro-immigration; pro-labor,1.0,4000.0,2017-05-01,89,San Francisco,CA
general protestors,May Day; pro-immigration; pro-labor,1.0,2000.0,2017-05-01,89,San Jose,CA
general protestors,"""A Day without immigrants""; May Day",1.0,50.0,2017-05-01,89,South Bend,IN
Cosecha Movement,"""A Day without immigrants"" event",1.0,100.0,2017-05-01,89,Stamford,CT
general protestors,May Day; support for undocumented immigrants,1.0,100.0,2017-05-01,89,Cheyenne,WY
general protestors,pro-immigrants,1.0,200.0,2017-05-02,90,Dilley,TX
general protestors,Against deportation of Derby man,1.0,100.0,2017-05-02,90,Hartford,CT
general protestors,protesting several ICE arrests,1.0,200.0,2017-05-03,91,Ithaca,NY
NM CAFé; the ACLU New Mexico Regional Center for Border Rights; the New Mexico Dream Team,pro-immigrants,1.0,150.0,2017-05-04,92,Las Cruces,NM
students; MEChA,pro-immigrants,1.0,300.0,2017-05-05,93,Eugene,OR
swimmers,show of solidarity with immigrants,1.0,12.0,2017-05-05,93,Imperial Beach,CA
Western New York Peace Center,pro-immigrants,1.0,60.0,2017-05-06,94,Buffalo,NY
general protestors,pro-immigrants,1.0,90.0,2017-05-06,94,Palm Bay,FL
Waco Immigrants Alliance,pro-immigrants,1.0,24.0,2017-05-06,94,Waco,TX
general protestors,against Texas law that bans sanctuary cities,1.0,100.0,2017-05-07,95,Austin,TX
Read more here: http://www.star-telegram.com/news/local/article148857089.html#storylink=cpy,pro-immigrants,1.0,200.0,2017-05-07,95,Mount Kisco,NY
general protestors,against Texas law that bans sanctuary cities,1.0,50.0,2017-05-08,96,McAllen,TX
general protestors,against Trump's travel ban,1.0,24.0,2017-05-08,96,Richmond,VA
general protestors,against SB4 banning sanctuary cities,1.0,200.0,2017-05-13,101,Dallas,TX
general protestors,supporters of Haitian immigrants,1.0,200.0,2017-05-13,101,Miami,FL
general protestors,against new TX anti-sanctuary city law,1.0,200.0,2017-05-14,102,Austin,TX
general protestors,against new TX anti-sanctuary city law,1.0,24.0,2017-05-14,102,Dallas,TX
general protestors,against Trump's travel ban,1.0,24.0,2017-05-15,103,Seattle,WA
general protestors,to urge companies not to profit from border wall,1.0,12.0,2017-05-18,106,Pittsburgh,PA
general protestors,immigrants rights protests,1.0,85.0,2017-05-23,111,Sheboygan,MI
residents of Mohegan Lake,rally for solidarity for immigrants,1.0,100.0,2017-05-24,112,Mohegan Lake,NY
Northwest Indiana Resist,protest Immigration and Customs Enforcement flights deporting people out of the country,1.0,24.0,2017-05-26,114,Chicago,IL
general protestors,"protest against Texas Senate BIll 4, which opponents describe as an anti-""sanctuary city"" law requiring Texas police chiefs and sheriffs to comply with all federal immigration enforcement requests",1.0,37.0,2017-05-28,116,Austin,TX
general protestors,pro-immigrant; call for MN Governor Dayton to veto Minnesota bill HF 470,1.0,70.0,2017-05-28,116,Minneapolis,MN
general protestors,"protesting against Texas Senate BIll 4, which opponents describe as an anti-""sanctuary city"" law requiring Texas police chiefs and sheriffs to comply with all federal immigration enforcement requests; incident sparked near fistfight on Texas House floor after Republcian lawmaker reportedly contacted federal Immigration and Customs Enforcement (ICE) agents on the protesters and threatened to shoot a Democratic colleague who allegedly threatened him first.",1.0,200.0,2017-05-29,117,Austin,TX
general protestors,protesting Rinaldi's comments; pro-sanctuary,1.0,50.0,2017-05-31,119,Farmers Branch,TX
general protestors,Protesting sherriff office's decision to partner with ICE,1.0,70.0,2018-01-03,336,Culpeper,VA
general protestors,Protesting Trump's decisiont to end DACA; rallying for Dreamers,1.0,24.0,2018-01-03,336,San Francisco,CA
Concered Constituent Action Group,Rally for DACA; opposition to US-Mexico border wall,1.0,3.0,2018-01-05,338,West Chester,PA
coalition of Pittsburgh-area human and worker rights organization,Protesting for the rights of immigrant workers who were underpaid; labor protest,0.0,40.0,2018-01-06,339,Robinson,PA
generl protestors,Rallying for DREAM Act,1.0,14.0,2018-01-08,341,Oak Park,IL
The Laredo Immigrant Alliance,Protesting Trump's decision to end DACA; rallying for immigrants,1.0,12.0,2018-01-09,342,Laredo,TX
Indivisible Pilsen,Rallying for DREAM Act,1.0,25.0,2018-01-10,343,Chicago,IL
Indivisible Illinois,Rallying for DREAM Act,1.0,4.0,2018-01-10,343,Evergreen Park,IL
general protestors,Protesting Trump's decision to end DACA; rallying for immigrants,1.0,12.0,2018-01-10,343,Miami,FL
general protestors,Protesting arrest of immigrant rights actvist,1.0,350.0,2018-01-11,344,New York,NY
general protestors,Protesting bill outlying sanctuary cities,1.0,100.0,2018-01-11,344,Tallahassee,FL
general protestors,Protesting Trump's immigration policy,1.0,400.0,2018-01-14,347,Boston,MA
general protestors,Protesting ICE for breaking up families,1.0,200.0,2018-01-15,348,New York,NY
general protestors,Protesting ICE detention of several anti-deportation leaders,1.0,200.0,2018-01-15,348,New York,NY
general protestors,Rallying for DREAM Act,1.0,12.0,2018-01-16,349,Colorado Springs,CO
Skagit Valley College Dreamers Club,Rallying for DREAM Act,1.0,150.0,2018-01-16,349,Mount Vernon,WA
general protestors,Rallying for DREAM Act,1.0,24.0,2018-01-16,349,Santa Fe,NM
general protestors,Rallying for DREAM Act,1.0,12.0,2018-01-16,349,Washington,DC
general protestors,Rallying for DREAM Act,1.0,100.0,2018-01-17,350,Detroit,MI
general protestors,Clean Dream Act,1.0,12.0,2018-01-17,350,Detroit,MI
general protestors,Protesting police brutality and the arrests of two councilman at immigration protest,0.0,100.0,2018-01-17,350,New York,NY
Anti-Defamation League,Rallying for DREAM Act,1.0,100.0,2018-01-17,350,Washington,DC
Students,Rallying for DREAM Act,1.0,24.0,2018-01-18,351,Bloomington,IN
Unidad Accion Latino; Indivisible Connecticut; general protestors,Protesting arrest of Joel Colindres; protesting DACA repeal,2.0,60.0,2018-01-18,351,Hartford,CT
New Sanctuary Coalition,protest arrest and deportation; protest ICE actions,1.0,62.0,2018-01-18,351,New York,NY
New Mexico DREAM Team,Rallying for DREAM Act,1.0,5000.0,2018-01-19,352,Albuquerque,NM
general protestors,Protesting ICE,1.0,100.0,2018-01-19,352,Athens,GA
general protestors,Rallying for DREAM Act,1.0,20.0,2018-01-19,352,Davenport,IL
general protestors,Rallying for DREAM Act,1.0,100.0,2018-01-19,352,Madison,WI
general protestors,Rallying for DREAM Act,1.0,24.0,2018-01-19,352,Tacoma,WA
general protestors,Rallying for DREAM Act,1.0,100.0,2018-01-19,352,Washington,DC
Concerned Constituent Action Group,Rally for a clean DREAM Act,1.0,7.0,2018-01-19,352,West Chester,PA
general protestors,Rallying for DREAM Act,1.0,800.0,2018-01-20,353,Elgin,IL
general protestors,Protesting the custody of youngston resident by ICE,1.0,200.0,2018-01-20,353,Youngstown,OH
General protestors,Rallying for DREAM Act,1.0,24.0,2018-01-21,354,Detroit,MI
general protestors,Rallying for DREAM Act,1.0,20.0,2018-01-22,355,Anaheim,CA
general protestors,Protesting ICE   ,1.0,25.0,2018-01-22,355,Bensalem,PA
Brazos Interfaith Immigration Network,Protesting ICE for breaking up families,1.0,100.0,2018-01-22,355,Bryan,TX
general protestors,Rallying for DREAM Act,1.0,24.0,2018-01-22,355,Phoenix,AZ
general protestors,Rallying for DREAM Act,1.0,75.0,2018-01-23,356,New York,NY
general protestors,Rallying for DREAM Act,1.0,24.0,2018-01-23,356,Raleigh,NC
general protestors,Rallying for DREAM Act,1.0,24.0,2018-01-23,356,San Diego,CA
general protestors,Rallying for DREAM Act,1.0,40.0,2018-01-24,357,Danbury,CT
general protestors,protesting deportation of local man,1.0,24.0,2018-01-24,357,Detroit,MI
general protestors,protesting deportation of local man,1.0,75.0,2018-01-25,358,Hartford,CT
general protestors,Protesting the 1st aniversary of Trump's Travel Ban,1.0,62.0,2018-01-26,359,New York,NY
Reform California,Rallying for DREAM Act,1.0,100.0,2018-01-26,359,San Francisco,CA
General Protestors,Protesting Trump's travel ban,1.0,100.0,2018-01-27,360,Greensboro,NC
General Protestors,Protesting ICE,1.0,500.0,2018-01-28,361,Metuchen,NJ
The Workers' Center of CNY,Protesting travel ban,1.0,150.0,2018-01-29,362,Syracuse,NY
general protestors,Protesting deportations ,1.0,118.0,2018-01-30,363,Cleveland,OH
general protestors,Protesting Trump's immigration policy,1.0,15.0,2018-01-30,363,New York,NY
general protestors,Protesting deportation of local man,1.0,109.5,2018-01-31,364,Cleveland,OH
